,Batter,Hit Probability,Pitcher,Location
"![](https://img.mlbstatic.com/mlb-photos/image/upload/w_213,d_people:generic:headshot:silo:current.png,q_auto:best,f_auto/v1/people/677951/headshot/67/current)",Bobby Witt Jr.,74.1%,Parker Messick,KC
"![](https://img.mlbstatic.com/mlb-photos/image/upload/w_213,d_people:generic:headshot:silo:current.png,q_auto:best,f_auto/v1/people/666182/headshot/67/current)",Bo Bichette,71.5%,DJ Herz,@WSH
"![](https://img.mlbstatic.com/mlb-photos/image/upload/w_213,d_people:generic:headshot:silo:current.png,q_auto:best,f_auto/v1/people/686948/headshot/67/current)",Drake Baldwin,71.4%,Janson Junk,@MIA
"![](https://img.mlbstatic.com/mlb-photos/image/upload/w_213,d_people:generic:headshot:silo:current.png,q_auto:best,f_auto/v1/people/665161/headshot/67/current)",Jeremy Pena,71.0%,Seth Johnson,@OAK
"![](https://img.mlbstatic.com/mlb-photos/image/upload/w_213,d_people:generic:headshot:silo:current.png,q_auto:best,f_auto/v1/people/650333/headshot/67/current)",Luis Arraez,70.9%,Nick Martinez,PHI
"![](https://img.mlbstatic.com/mlb-photos/image/upload/w_213,d_people:generic:headshot:silo:current.png,q_auto:best,f_auto/v1/people/670541/headshot/67/current)",Yordan Alvarez,70.9%,Seth Johnson,@OAK
"![](https://img.mlbstatic.com/mlb-photos/image/upload/w_213,d_people:generic:headshot:silo:current.png,q_auto:best,f_auto/v1/people/621566/headshot/67/current)",Matt Olson,70.7%,Janson Junk,@MIA
"![](https://img.mlbstatic.com/mlb-photos/image/upload/w_213,d_people:generic:headshot:silo:current.png,q_auto:best,f_auto/v1/people/805367/headshot/67/current)",Chase Meidroth,70.7%,Kyle Freeland,CWS
"![](https://img.mlbstatic.com/mlb-photos/image/upload/w_213,d_people:generic:headshot:silo:current.png,q_auto:best,f_auto/v1/people/660271/headshot/67/current)",Shohei Ohtani,70.4%,Carson Seymour,@SF
"![](https://img.mlbstatic.com/mlb-photos/image/upload/w_213,d_people:generic:headshot:silo:current.png,q_auto:best,f_auto/v1/people/518692/headshot/67/current)",Freddie Freeman,69.6%,Carson Seymour,@SF
